{"cameraMode":{"drawMode":0,"name":"Shaded","section":"Shading Mode"},"sceneLighting":true,"audioPlay":false,"sceneViewState":{"m_AlwaysRefresh":false,"showFog":true,"showSkybox":true,"showFlares":true,"showImageEffects":true,"showParticleSystems":true,"showVisualEffectGraphs":true,"m_FxEnabled":true},"in2DMode":false,"pivot":{"x":-0.5426415205001831,"y":0.9089258313179016,"z":-4.639999866485596},"rotation":{"x":-0.2786131203174591,"y":0.054800331592559817,"z":-0.015923503786325456,"w":-0.9587565660476685},"size":2.538834810256958,"orthographic":false}