{"cameraMode":{"drawMode":0,"name":"Shaded","section":"Shading Mode"},"sceneLighting":true,"audioPlay":false,"sceneViewState":{"m_AlwaysRefresh":false,"showFog":true,"showSkybox":true,"showFlares":true,"showImageEffects":true,"showParticleSystems":true,"showVisualEffectGraphs":true,"m_FxEnabled":true},"in2DMode":false,"pivot":{"x":0.4912590980529785,"y":4.307585716247559,"z":-2.4893181324005129},"rotation":{"x":0.0031908340752124788,"y":0.0040953438729047779,"z":0.000016433830751338974,"w":-1.0000362396240235},"size":5.383689880371094,"orthographic":false}