{"cameraMode":{"drawMode":0,"name":"Shaded","section":"Shading Mode"},"sceneLighting":false,"audioPlay":false,"sceneViewState":{"m_AlwaysRefresh":false,"showFog":false,"showSkybox":false,"showFlares":false,"showImageEffects":false,"showParticleSystems":false,"showVisualEffectGraphs":true,"m_FxEnabled":true},"in2DMode":false,"pivot":{"x":0.4126919209957123,"y":-0.24219229817390443,"z":0.363170862197876},"rotation":{"x":0.002051628427579999,"y":0.9973126649856567,"z":-0.066729336977005,"w":0.030726894736289979},"size":1.008163571357727,"orthographic":false}